,index,short_name,age,height_cm,weight_kg,nationality,ethnicity,overall,preferred_foot,weak_foot,skill_moves,work_rate,team_position,attacking_crossing,attacking_finishing,attacking_short_passing,skill_dribbling,skill_curve,skill_fk_accuracy,skill_long_passing,skill_ball_control,movement_acceleration,movement_sprint_speed,movement_agility,movement_reactions,movement_balance,power_stamina,power_strength,mentality_vision,mentality_penalties,mentality_composure
0,0,L. Messi,32,169.9,71.6,Argentina,Caucasian,94,Left,Excellent,Excellent,Medium/Low,CAM,87.85,94.61,91.7,88.35,92.94,93.89,91.92,95.87,91.03,84.48,93.02,95.0,94.6,15,13,18,15,19
1,1,K. De Bruyne,28,180.7,69.8,Belgium,Caucasian,91,Right,Masterful,Excellent,High/High,RAM,93.31,82.38,91.55,85.53,84.92,82.92,90.66,91.5,76.63,75.56,78.19,91.31,76.31,17,14,18,15,18
2,2,A. Griezmann,28,173.6,72.7,France,Caucasian,89,Left,Good,Excellent,High/High,CAM,83.4,89.41,85.34,88.35,86.36,85.13,82.14,89.53,82.34,80.79,89.81,92.17,83.07,17,12,17,17,17
3,3,M. Reus,30,179.7,71.4,Germany,Caucasian,88,Right,Excellent,Excellent,High/Medium,CAM,82.01,86.82,85.89,87.0,89.48,86.33,77.19,87.65,84.77,85.37,85.9,86.62,83.58,15,13,17,18,17
4,4,P. Dybala,25,176.6,74.7,Argentina,Caucasian,88,Left,Good,Excellent,Medium/Medium,CAM,81.97,80.3,87.06,89.76,88.49,87.92,75.3,93.23,86.16,80.98,90.59,84.36,84.87,15,12,17,17,16
5,5,C. Eriksen,27,181.3,76.0,Denmark,Caucasian,88,Right,Masterful,Excellent,High/High,CAM,88.32,77.23,90.55,81.3,88.77,86.02,89.16,91.36,74.89,71.39,79.39,88.06,80.44,18,11,18,13,17
6,6,Coutinho,27,171.6,67.8,Brazil,Caucasian,86,Right,Excellent,Masterful,High/Medium,CAM,78.9,77.44,84.19,90.38,89.69,86.25,82.19,91.05,84.37,75.27,92.28,82.16,92.85,15,12,17,14,15
7,7,T. Müller,29,186.1,75.1,Germany,Caucasian,86,Right,Excellent,Good,High/High,CAM,79.39,86.93,81.48,74.8,80.81,58.9,71.92,81.74,69.23,74.96,74.25,81.51,70.82,17,13,17,12,16
8,8,Isco,27,176.4,79.4,Spain,Caucasian,86,Right,Good,Excellent,Medium/Low,CAM,78.24,76.34,83.88,92.28,89.69,76.03,79.79,93.07,73.68,68.34,84.9,75.91,89.57,12,11,17,15,17
9,9,A. Gómez,31,165.0,68.4,Argentina,Caucasian,85,Right,Excellent,Excellent,High/Medium,CAM,80.78,78.73,81.5,84.96,79.03,79.27,74.42,84.73,93.65,85.08,92.25,81.29,93.88,14,9,17,14,16
10,10,J. Rodríguez,27,180.2,74.6,Colombia,Caucasian,85,,Average,Excellent,Medium/Medium,CAM,89.9,83.23,85.58,85.07,88.68,86.27,83.11,85.38,57.42,53.6,79.84,83.7,62.54,13,12,17,16,17
11,11,D. Alli,23,188.1,80.2,England,Black,84,Right,Good,Excellent,High/High,CAM,67.87,82.04,84.36,82.9,75.33,68.11,82.74,85.54,67.67,75.74,75.09,85.89,62.46,17,14,16,14,17
12,12,N. Fekir,25,173.0,74.8,France,Caucasian,84,Left,Good,Excellent,High/Medium,CAM,82.53,82.17,84.19,90.13,80.72,80.3,75.1,89.29,79.43,76.72,82.48,77.74,90.5,14,16,16,14,17
13,13,K. Havertz,20,188.2,83.4,Germany,Caucasian,84,Left,Excellent,Excellent,Medium/Medium,RAM,73.41,81.5,85.33,83.95,79.42,52.95,77.84,86.88,77.47,89.02,77.66,82.18,73.11,16,13,16,13,16
14,14,M. Hamšík,31,183.3,72.9,Slovakia,Caucasian,84,Right,Masterful,Good,High/Medium,CAM,78.32,74.3,86.35,83.61,79.87,69.94,82.69,84.8,71.85,68.4,76.94,88.26,67.06,16,13,17,14,16
15,15,M. Özil,30,179.8,75.9,Germany,Caucasian,84,Left,Average,Excellent,Medium/Low,CAM,83.13,73.0,88.63,84.09,83.99,76.35,81.5,88.76,71.85,69.48,77.11,83.13,71.41,13,11,18,13,16
16,16,M. Kruse,31,179.6,75.9,Germany,Caucasian,83,Left,Excellent,Excellent,High/Medium,CAM,81.5,83.75,86.35,82.82,81.63,68.63,81.84,85.6,66.6,65.02,74.34,85.02,77.28,14,14,17,18,17
17,17,G. Lo Celso,23,176.7,68.2,Argentina,Caucasian,83,Left,Good,Excellent,High/Medium,CAM,78.38,79.62,82.86,85.48,82.0,71.11,82.74,86.49,75.56,78.5,83.39,81.51,79.12,15,14,17,13,16
18,18,R. Nainggolan,31,175.6,77.4,Belgium,Caucasian,83,,Good,Good,High/High,CAM,73.32,75.31,84.12,82.6,73.4,67.8,81.18,77.52,72.39,72.27,74.75,84.67,67.06,17,15,15,12,16
19,19,G. Sigurðsson,29,186.4,76.5,Iceland,Caucasian,83,Right,Excellent,Good,High/High,CAM,85.75,78.07,84.74,82.48,87.34,85.64,76.58,85.38,56.7,56.05,67.73,79.18,62.54,17,13,17,15,16
20,20,J. Lingard,26,175.0,62.0,England,Black,82,Right,Good,Excellent,High/High,CAM,73.8,76.34,79.53,81.9,82.08,67.72,63.25,83.71,81.85,78.85,85.96,83.04,84.0,17,12,16,14,16
21,21,Marlos,31,174.4,69.2,Ukraine,Caucasian,82,Left,Good,Masterful,Medium/Medium,RAM,75.95,78.55,81.44,86.54,82.08,72.43,73.09,87.73,84.76,81.61,85.26,77.31,84.03,15,15,16,16,16
22,22,,31,172.1,63.8,Brazil,Caucasian,82,Right,Good,Excellent,Medium/Medium,LAM,72.78,76.34,77.32,87.19,51.96,72.93,74.92,84.84,92.96,91.21,89.92,78.99,82.62,17,13,15,14,16
23,23,Giuliano,29,171.9,68.2,,,82,Right,Good,Excellent,High/Medium,CAM,76.73,76.76,81.64,82.21,67.27,71.12,79.95,83.88,85.45,76.91,85.47,80.87,84.6,16,14,16,15,16
24,24,Santi Cazorla,34,167.6,65.5,Spain,Caucasian,82,Right,Masterful,Excellent,High/Low,CAM,84.99,70.41,85.6,79.66,86.2,78.36,82.64,87.0,57.66,54.62,74.04,79.14,89.15,10,11,17,16,17
25,25,David Neres,22,174.9,66.0,Brazil,Caucasian,81,Left,Good,Masterful,Medium/Medium,LAM,66.54,75.87,78.17,88.07,70.46,52.01,68.9,86.32,87.64,78.85,91.29,78.53,85.8,15,12,16,13,16
26,26,D. van de Beek,22,183.8,74.1,Netherlands,Caucasian,81,Right,Good,Good,High/High,CAM,66.98,77.28,83.27,85.48,77.23,62.28,75.38,84.19,67.21,73.66,71.71,82.46,67.92,17,15,16,11,17
27,27,N. Gaitán,31,172.9,65.8,Argentina,Caucasian,81,Left,Average,Excellent,Medium/Medium,CAM,78.53,71.4,80.79,82.18,85.6,72.28,75.47,80.57,80.83,74.74,85.6,82.44,80.44,13,9,16,14,16
28,28,A. Ljaji?,27,182.4,74.0,Serbia,Caucasian,81,Right,Excellent,Excellent,High/Low,CAM,82.15,70.16,79.74,84.54,80.15,84.76,76.9,86.02,81.2,76.47,80.9,73.52,80.81,14,11,16,15,15
29,29,Renato Augusto,31,186.9,85.9,Brazil,Caucasian,81,Right,Excellent,Excellent,Medium/Medium,LAM,74.58,64.53,80.93,82.12,80.26,75.26,80.56,80.89,66.72,67.47,67.18,80.74,65.52,16,15,16,13,13
30,30,Raúl García,32,184.3,83.2,Spain,Black,80,Right,Good,Good,High/Medium,CAM,77.78,82.23,82.17,78.38,72.36,85.64,80.13,83.42,44.03,48.64,57.24,82.39,63.42,15,16,16,15,16
31,31,M. Valbuena,34,164.8,62.8,France,Black,80,Right,Good,Good,High/Medium,CAM,79.56,74.09,82.05,82.38,82.21,76.96,77.41,81.8,80.83,76.92,82.39,77.37,91.54,13,7,15,13,13
32,32,H. Vanaken,26,194.6,80.0,Belgium,Caucasian,80,Right,Masterful,Excellent,High/High,CAM,74.74,75.38,85.29,77.83,75.38,77.73,80.45,84.01,41.31,48.64,57.14,80.82,60.31,18,15,17,16,17
33,33,Pozuelo,27,170.0,72.8,Spain,Caucasian,80,Right,Masterful,Excellent,High/Medium,CAM,71.83,71.26,81.99,83.33,76.68,74.27,74.99,83.74,69.2,64.3,77.51,80.8,83.9,15,10,16,14,16
34,34,Lucas Paquetá,21,180.4,71.9,Brazil,Black,79,Left,Average,Excellent,High/Medium,CAM,67.68,74.84,77.72,84.22,80.18,73.42,76.07,80.1,74.56,77.33,79.27,80.08,67.68,16,14,14,15,16
35,35,D. Valeri,33,178.4,75.4,Argentina,Caucasian,79,Right,Good,Good,High/Medium,CAM,76.66,77.7,77.4,79.66,79.18,81.42,76.79,81.24,59.5,56.81,73.88,79.08,73.63,15,12,16,15,17
36,36,S. Kagawa,30,175.1,67.9,Japan,Asian,79,Right,Excellent,Excellent,Medium/Low,CAM,64.61,74.91,82.58,84.3,73.94,62.96,71.05,81.73,69.1,57.32,88.04,80.36,87.4,12,7,15,16,16
37,37,Alan Carvalho,29,184.0,71.8,Brazil,Caucasian,78,Right,Excellent,Excellent,High/Medium,CAM,65.89,79.08,68.16,82.9,78.33,72.1,59.2,79.05,83.03,83.07,90.1,75.07,75.36,15,14,14,15,14
38,38,M. Ødegaard,20,177.5,68.0,,,78,Left,Average,Masterful,Medium/Medium,CAM,86.33,63.72,81.54,85.8,77.61,79.04,76.34,87.3,75.94,71.8,77.57,73.92,77.53,14,8,16,12,15
39,39,D. Didavi,29,179.5,76.6,Germany,Caucasian,78,Left,Good,Good,Medium/Medium,CAM,75.26,75.68,79.18,79.75,78.18,76.39,73.85,79.83,69.2,64.72,73.94,77.78,73.07,12,15,14,13,16
40,40,,22,182.9,73.7,Turkey,Middle-eastern,78,Left,Excellent,Excellent,High/Medium,CAM,78.23,70.51,79.37,82.94,83.28,75.79,73.69,79.53,73.02,76.0,77.89,71.94,82.57,17,14,15,12,15
41,41,R. Soriano,28,181.9,75.6,Italy,Caucasian,78,Right,Excellent,Excellent,Medium/Medium,CAM,76.74,72.18,78.79,79.62,77.72,56.28,77.14,79.37,72.17,71.18,79.27,72.64,72.02,13,13,15,12,15
42,42,I. Fernández,29,182.3,67.5,Argentina,Caucasian,78,Left,Average,Excellent,High/Medium,RAM,73.43,69.15,80.91,80.96,78.02,74.65,75.16,78.78,73.33,74.74,79.27,73.43,68.96,16,13,16,13,15
43,43,J. Boëtius,25,178.0,76.3,Netherlands,Black,78,Right,Excellent,Excellent,Medium/High,CAM,71.69,69.17,74.52,81.48,80.28,60.47,66.75,78.76,85.08,85.54,89.44,74.51,74.85,16,12,15,12,14
44,44,V. Grifo,26,180.3,74.6,,,78,Right,Average,Excellent,Medium/Medium,CAM,83.39,72.82,74.6,83.01,84.9,79.91,65.92,83.7,74.36,67.06,79.44,75.21,81.44,14,12,14,13,14
45,45,G. Martínez,26,171.8,75.3,Argentina,Caucasian,78,Left,Average,Excellent,High/Low,CAM,74.06,70.92,69.71,83.36,78.5,72.65,68.42,79.61,90.25,85.54,90.1,78.32,84.64,15,12,14,16,15
46,46,M. Gregoritsch,25,193.1,87.0,Austria,Caucasian,78,Left,Good,Excellent,High/Low,CAM,65.4,76.84,77.29,74.52,82.7,78.92,70.8,77.52,61.66,66.48,65.0,77.52,51.96,13,15,14,12,13
47,47,R. Boudebouz,29,176.5,74.0,Algeria,Middle-eastern,78,Left,Excellent,Excellent,High/Low,CAM,80.24,76.51,77.98,79.85,82.72,81.54,75.42,78.42,69.34,71.87,77.71,73.29,74.3,12,12,16,18,15
48,48,M. Zaracho,21,171.3,63.8,Argentina,Caucasian,78,Right,Good,Excellent,High/Medium,CAM,65.61,67.45,82.95,82.56,65.03,57.56,73.25,79.26,88.87,84.56,92.83,74.51,92.35,15,11,14,11,16
49,49,F. Mollet,27,170.0,67.1,France,Black,78,Right,Excellent,Excellent,High/Medium,CAM,72.04,76.34,79.65,79.35,83.28,79.69,77.36,80.38,78.18,74.73,78.61,70.71,87.71,15,9,16,12,14
50,50,F. Neuhaus,22,183.5,74.4,Germany,Caucasian,78,Right,Good,Good,Medium/Medium,CAM,61.55,78.77,82.08,77.98,77.72,41.28,77.77,81.0,74.08,67.01,79.07,79.96,75.73,15,13,16,9,15
51,51,,23,182.3,74.1,Russia,Caucasian,78,Left,Average,Good,Medium/Medium,CAM,71.91,67.36,80.59,80.07,73.51,78.38,73.99,79.54,72.64,75.22,76.82,74.84,74.37,15,12,16,12,15
52,52,N. Lodeiro,30,169.7,69.3,Uruguay,Caucasian,78,Left,Excellent,Excellent,High/Medium,CAM,80.78,64.79,79.49,78.22,81.25,77.32,76.49,80.59,68.53,67.1,76.63,79.18,77.1,17,12,15,15,15
53,53,Fernando,27,175.0,80.1,Brazil,Caucasian,78,Right,Good,Good,Medium/Medium,RAM,59.54,62.98,80.71,69.51,81.75,83.5,82.44,76.19,69.73,76.09,74.4,72.95,80.64,16,13,15,12,14
54,54,E. Vargas,29,174.2,80.6,Chile,Caucasian,77,Right,Excellent,Excellent,Medium/Low,CAM,69.0,75.88,72.03,80.96,71.91,60.47,66.35,77.69,83.66,75.51,86.13,76.61,72.33,15,13,14,14,14
55,55,O. Duda,24,180.8,75.1,,,77,Right,Excellent,Excellent,Medium/High,CAM,63.52,78.93,77.05,79.56,76.69,76.57,70.75,80.69,70.08,68.48,77.36,75.22,75.29,15,11,15,11,16
56,56,Simão Acunha,31,178.4,70.9,Brazil,Black,77,Right,Average,Excellent,High/Low,CAM,74.08,65.86,79.2,76.36,86.95,61.47,64.43,77.65,82.91,76.93,81.03,78.42,74.26,14,12,16,13,14
57,57,G. dos Santos,30,174.5,70.5,Mexico,Caucasian,76,Left,Excellent,Excellent,High/Low,CAM,70.54,71.76,76.93,77.83,73.06,76.97,65.67,78.04,85.43,84.04,84.16,71.81,91.27,12,8,14,14,14
58,58,D. Quintero,31,165.7,65.6,Colombia,Black,76,Right,Good,Excellent,High/Medium,CAM,70.25,73.37,70.16,81.93,75.0,55.92,66.35,75.29,87.79,84.99,93.41,73.55,82.57,13,11,14,11,15
59,59,E. Cardona,26,183.3,91.9,,,76,Right,Excellent,Good,Medium/Low,CAM,75.52,72.81,78.89,77.44,79.88,82.61,78.11,80.22,54.35,58.19,70.1,65.75,68.44,14,17,15,12,14
60,60,S. Sessègnon,35,172.3,72.1,Benin,,76,,Good,Excellent,Medium/Medium,CAM,75.81,69.93,74.04,79.85,76.22,69.48,71.76,77.52,72.22,76.06,84.05,74.42,70.35,15,14,15,15,15
61,61,L. Blas,21,180.3,73.5,France,Caucasian,76,Left,Average,Excellent,,CAM,76.59,66.91,79.42,79.25,68.6,52.21,73.77,80.33,86.08,71.67,78.73,73.49,74.37,14,12,15,13,13
62,62,Diego Castro,36,174.0,71.4,Spain,Middle-eastern,76,Right,Excellent,Excellent,High/Low,CAM,78.01,71.17,77.16,82.32,81.5,72.44,64.92,80.14,65.44,61.24,70.67,79.83,83.27,9,11,15,17,16
63,63,R. Orsolini,22,183.1,73.2,Italy,Caucasian,76,Left,Excellent,Excellent,High/Medium,RAM,77.29,63.85,75.87,81.35,80.4,67.66,64.43,82.23,78.68,78.24,79.06,72.29,70.35,13,12,14,11,14
64,64,F. Higuaín,34,173.5,74.6,Argentina,Caucasian,76,Right,Excellent,Good,Medium/Medium,CAM,75.27,68.24,77.66,72.47,80.68,77.65,74.67,76.72,54.35,50.78,68.72,78.8,72.26,11,12,16,13,15
65,65,Mossoró,35,170.1,66.6,Brazil,Caucasian,76,Right,Excellent,Excellent,High/Medium,CAM,70.83,68.46,77.16,77.06,76.91,69.1,72.39,78.38,76.44,64.78,75.54,72.18,90.02,12,9,15,13,15
66,66,A. Rusnák,24,174.5,72.9,Slovakia,Caucasian,76,Right,Excellent,Good,High/Medium,CAM,74.63,72.16,76.46,73.25,72.58,72.19,72.72,76.95,72.88,78.03,83.66,71.86,75.41,14,11,15,13,14
67,67,A. Diamanti,36,180.1,74.5,Italy,Caucasian,76,Left,Average,Excellent,High/Medium,CAM,76.95,59.57,79.11,79.58,77.15,81.99,73.7,81.94,64.69,64.3,74.36,64.06,68.63,12,12,15,15,14
68,68,W. McKennie,20,185.4,84.5,United States,Black,76,Right,Good,Good,Medium/Medium,CAM,56.97,78.77,75.58,73.73,76.15,54.66,69.2,75.68,66.87,68.85,67.44,78.06,69.11,16,16,15,11,13
69,69,D. Garmash,29,185.8,74.7,Ukraine,Caucasian,76,Right,Good,Good,High/High,CAM,67.97,71.7,80.25,69.38,41.17,42.97,73.77,72.29,61.59,63.04,67.25,75.01,77.3,15,14,16,10,15
70,70,N. Sansone,27,173.0,62.6,,,75,Right,Good,Good,Medium/Medium,LAM,70.34,77.43,74.71,78.73,76.03,69.22,65.11,78.09,78.73,78.03,84.16,74.31,84.09,12,11,15,14,15
71,71,G. Til,21,183.2,73.7,Netherlands,Caucasian,75,,Good,Good,High/High,CAM,56.93,73.33,77.56,67.96,58.36,63.26,72.85,77.52,67.75,73.75,68.56,76.99,69.11,18,13,15,13,14
72,72,R. Christie,24,178.0,71.4,Scotland,Caucasian,75,Left,Excellent,Good,High/High,CAM,64.5,68.45,74.79,75.33,71.47,52.08,67.32,73.56,73.82,79.47,84.16,72.37,79.85,17,14,14,10,15
73,73,Ailton Guevara,27,176.6,70.6,,,75,Right,Good,Excellent,High/Medium,CAM,74.52,75.35,71.93,74.36,80.88,75.06,62.24,75.05,69.96,69.53,77.86,71.52,75.09,14,11,15,13,15
74,74,Fábio Espinho,33,174.4,66.6,Portugal,Caucasian,75,Right,Good,Excellent,High/Medium,CAM,70.01,66.3,76.59,76.9,68.56,71.46,75.24,75.5,68.18,66.0,81.71,68.89,83.19,13,11,14,14,14
75,75,Adilson Edrada,27,175.9,72.0,Brazil,Caucasian,75,Right,Good,Good,Medium/Low,CAM,62.99,72.69,76.17,75.2,61.15,52.08,58.27,72.87,78.92,81.96,80.91,65.87,77.5,11,11,15,15,13
76,76,G. Fernández,27,178.0,74.6,Argentina,Caucasian,75,Right,Good,Good,High/High,CAM,71.96,66.38,73.86,78.27,75.18,75.36,72.73,76.08,73.32,66.56,66.51,76.49,65.91,16,14,15,13,14
77,77,F. Krovinovi?,23,177.2,70.1,Croatia,Caucasian,75,Right,Excellent,Excellent,Medium/Medium,CAM,65.32,63.57,76.95,77.45,76.15,60.12,74.52,79.63,65.42,68.87,75.32,69.61,75.44,12,12,15,12,16
78,78,L. Refaelov,33,175.2,67.8,Israel,Middle-eastern,75,Right,Excellent,Excellent,High/High,CAM,70.78,69.68,74.72,77.15,81.13,76.59,67.43,76.96,71.23,66.56,74.6,68.56,73.22,12,10,15,15,16
79,79,L. Zuffi,29,180.5,69.9,Switzerland,Caucasian,75,Left,Excellent,Good,Medium/High,CAM,81.27,71.93,80.28,71.28,78.62,76.61,78.75,74.92,65.72,64.53,72.74,67.26,77.13,15,14,16,12,13
80,80,Guilherme,28,174.1,69.6,Brazil,Black,75,Left,Good,Excellent,High/Low,CAM,68.31,62.74,73.69,76.09,58.96,58.67,65.28,73.64,89.62,91.76,90.25,72.2,83.75,15,11,13,11,15
81,81,M. Ninkovi?,34,180.1,76.0,Serbia,Caucasian,75,Right,Good,Excellent,Medium/Low,LAM,69.44,67.69,76.45,76.15,69.13,64.15,73.83,77.61,66.32,70.3,81.66,68.46,66.67,14,13,15,14,14
82,82,E. Çolak,28,165.0,67.3,Turkey,Middle-eastern,75,Left,Good,Excellent,Medium/Medium,CAM,77.13,67.95,76.34,75.76,75.07,78.55,74.73,77.97,68.6,64.53,81.8,68.89,90.35,13,8,14,14,14
83,83,F. Kainz,26,176.5,71.1,Austria,Caucasian,75,Right,Masterful,Excellent,Medium/Medium,LAM,71.77,70.9,72.7,79.83,69.13,71.42,69.91,79.41,83.72,76.5,87.67,69.17,82.12,14,11,13,11,12
84,84,Dani Rochelinhas,27,178.3,75.4,Brazil,Caucasian,75,Left,Good,Excellent,High/Low,CAM,65.53,63.54,73.51,75.78,71.65,72.82,71.42,76.28,80.58,71.73,81.7,74.4,67.35,14,10,15,14,15
85,85,D. Pelkas,25,176.9,73.3,Greece,Middle-eastern,75,Right,Good,Excellent,High/Medium,CAM,69.61,64.56,75.5,76.01,73.74,73.45,73.11,74.59,82.34,78.49,80.94,69.17,84.09,13,8,15,13,14
86,86,Allan Bardinho,27,175.3,71.5,Brazil,Black,75,Left,Excellent,Excellent,Medium/Medium,CAM,72.99,71.7,74.86,76.61,76.15,54.52,75.62,77.05,65.53,67.65,82.15,66.1,80.54,12,11,15,14,14
87,87,Fede Vico,24,167.2,64.2,Spain,Middle-eastern,75,Left,Good,Excellent,Medium/Medium,CAM,73.6,68.37,76.97,77.54,72.02,56.96,72.21,76.46,65.53,72.98,79.41,64.54,87.56,12,9,15,14,13
88,88,Fabrio Farinha,27,176.5,72.1,Brazil,Caucasian,75,Left,Good,Excellent,High/Medium,LAM,74.72,65.38,76.77,76.99,70.06,62.1,73.83,75.32,73.97,74.94,82.06,72.66,61.53,11,12,15,12,15
89,89,M. Wolff Eikrem,28,184.3,68.6,,,75,Right,Excellent,Good,Medium/Low,CAM,77.25,68.82,79.05,72.17,79.67,72.35,75.92,74.4,64.03,66.16,84.74,75.41,68.3,13,9,15,12,15
90,90,Kaku,24,170.9,68.1,Paraguay,Caucasian,75,,Good,Excellent,High/Medium,CAM,64.82,65.02,74.46,77.75,71.35,66.49,72.89,75.32,84.72,80.16,88.53,63.75,84.09,15,11,15,12,14
91,91,J. Valdivia,35,172.5,70.9,Chile,Caucasian,75,Right,Excellent,Excellent,Medium/Medium,CAM,70.53,61.67,80.4,75.78,70.78,66.91,70.28,77.91,61.12,57.03,72.49,72.53,74.64,13,12,16,15,15
92,92,C. Ciano,29,175.9,73.0,,,74,Left,Excellent,Excellent,Medium/Medium,CAM,71.69,73.56,72.7,75.78,74.79,78.82,69.55,77.48,85.17,74.89,82.27,71.08,77.66,14,12,14,15,14
93,93,J. David,19,177.3,77.0,Canada,Caucasian,74,Right,Masterful,Good,Medium/Medium,CAM,52.56,78.77,72.4,73.84,41.4,33.6,67.98,76.19,77.57,82.6,72.92,70.28,75.53,13,13,14,11,15
94,94,Leo Caldeirinha,35,175.4,75.4,,,74,Left,Good,Excellent,Medium/Medium,LAM,74.76,72.21,72.64,74.93,79.21,75.99,63.92,75.29,76.32,68.64,71.16,70.43,80.57,14,12,15,13,15
95,95,N. Zaniolo,19,190.3,78.7,Italy,Caucasian,74,Left,Good,Good,Medium/Medium,CAM,58.2,69.93,74.98,75.95,62.57,50.66,67.79,77.35,74.43,71.96,68.27,70.16,77.48,15,15,14,9,13
96,96,L. Robertone,22,173.0,69.8,Argentina,Caucasian,74,Right,Excellent,Good,High/Medium,CAM,74.53,78.77,70.85,79.89,74.79,76.58,73.42,75.61,86.61,73.0,83.02,62.95,79.83,12,10,14,13,13
97,97,B. Dack,25,174.5,71.2,England,Caucasian,74,Right,Excellent,Good,High/Medium,CAM,67.1,71.68,71.83,77.23,74.88,71.47,69.13,73.45,85.17,73.16,78.83,67.52,78.63,14,14,14,12,15
98,98,A. Browne,24,172.6,71.0,Republic of Ireland,Caucasian,74,Right,Excellent,Good,High/High,CAM,66.52,74.09,73.97,69.75,43.77,45.22,68.36,70.68,75.29,73.48,72.92,74.23,75.67,18,15,14,14,14
99,99,Alvildo Sousa,35,183.0,79.1,Brazil,Caucasian,74,Right,Good,Excellent,High/Low,CAM,73.46,62.04,75.24,73.53,70.82,72.29,60.68,74.93,73.22,65.49,65.55,82.4,61.82,14,15,15,13,14
100,100,Jurado,33,172.5,72.4,Spain,Caucasian,74,Right,Excellent,Excellent,Medium/Low,CAM,76.14,71.65,74.65,76.23,80.01,72.35,72.72,75.2,67.12,61.92,75.08,72.75,68.22,10,11,15,13,13
101,101,Sebas Couteira,31,178.0,69.8,Brazil,Caucasian,74,Right,Excellent,Excellent,Medium/Medium,RAM,75.6,69.67,76.06,73.77,67.29,76.24,59.25,75.7,80.71,76.5,64.41,74.16,70.32,9,10,14,11,14
102,102,J. Hušbauer,29,182.0,76.1,Czech Republic,Caucasian,74,Right,Excellent,Good,High/Medium,CAM,79.8,68.73,75.34,73.95,71.15,69.38,76.57,72.51,61.94,62.83,75.08,76.78,64.5,15,12,15,13,14
103,103,Bruno Lamas,25,175.8,69.8,Brazil,Black,74,Left,Good,Good,Medium/Medium,CAM,59.96,60.79,78.36,74.96,63.35,67.36,72.14,78.42,66.79,57.03,64.04,67.36,73.31,14,11,14,12,12
104,104,Rubén García,25,170.6,70.9,Spain,Caucasian,74,Left,Average,Excellent,Medium/Medium,CAM,68.84,70.84,72.37,77.47,74.2,70.46,61.79,76.43,88.68,71.31,83.27,63.89,87.41,12,9,14,13,13
105,105,I. Hagi,20,180.5,69.9,,,74,Right,Masterful,Good,High/Medium,CAM,62.15,64.76,74.02,76.25,80.08,64.73,71.71,74.32,82.68,79.67,84.45,69.19,68.74,17,13,14,12,14
106,106,R. Doan,21,171.6,70.1,Japan,Asian,74,Left,Good,Good,Medium/Medium,CAM,69.89,65.83,72.39,75.09,66.69,66.63,67.6,77.76,78.01,74.28,85.75,70.16,93.06,15,10,15,11,14
107,107,Jacson Zonta,35,180.6,74.1,Brazil,Black,74,,Excellent,Good,Medium/Medium,RAM,74.1,60.61,72.17,77.04,83.0,74.98,61.41,74.93,80.56,70.83,72.14,77.11,61.82,13,13,15,14,13
108,108,L. Villafañez,27,168.9,64.9,Argentina,Caucasian,74,Right,Good,Good,High/Low,CAM,74.89,67.37,72.54,77.14,73.41,69.76,72.16,76.44,78.32,76.77,79.1,70.16,83.72,13,8,14,13,13
109,109,J. Barrera,23,170.6,72.7,Colombia,Black,74,Left,Excellent,Excellent,High/Low,RAM,71.71,68.43,73.21,72.43,59.69,68.66,70.83,73.26,78.46,83.3,90.5,69.6,84.47,14,11,15,14,15
110,110,Caio Milaçar,35,170.1,67.4,Brazil,Caucasian,74,Right,Excellent,Excellent,Medium/Medium,RAM,58.55,71.75,74.52,74.51,67.55,69.5,59.58,74.51,67.51,65.89,75.54,74.17,85.22,13,8,15,14,15
111,111,Francisco Geraldes,24,174.5,62.2,Portugal,Caucasian,74,Right,Excellent,Excellent,High/Low,CAM,68.18,55.44,71.54,81.87,72.41,70.54,66.55,81.41,75.9,74.19,84.29,72.41,75.51,13,8,15,12,14
112,112,Marlon Nideiro,35,168.9,65.6,Brazil,Caucasian,74,Right,Good,Excellent,Medium/Medium,CAM,70.55,64.39,74.74,74.57,72.62,69.5,59.51,74.03,82.69,74.56,86.24,80.25,90.32,13,6,14,13,14
113,113,,30,176.5,79.8,Argentina,Caucasian,74,Right,Good,Good,Medium/Medium,CAM,68.41,62.96,73.07,70.29,79.41,79.49,71.59,73.71,64.85,70.05,67.5,67.64,71.02,16,14,15,13,13
114,114,Fábio Melitinho,35,169.9,67.3,Brazil,Caucasian,74,Right,Masterful,Good,Medium/Low,CAM,73.2,72.41,73.66,73.95,82.65,75.34,75.5,72.56,44.88,56.03,77.61,75.81,75.78,13,8,15,14,16
115,115,A. Ricaurte,27,182.0,70.1,Colombia,Black,74,,Good,Good,Medium/Medium,CAM,69.37,58.95,81.04,68.54,68.07,63.71,79.1,71.58,69.44,67.94,66.86,71.71,65.33,16,14,16,12,13
116,116,K. Karaman,25,188.8,83.2,Turkey,Middle-eastern,73,Right,Good,Good,Medium/Medium,CAM,69.23,74.91,71.56,77.96,45.48,27.6,61.83,74.78,70.33,70.15,74.44,69.84,66.1,13,13,12,11,11
117,117,M. Stiepermann,28,189.6,86.4,Germany,Caucasian,73,Left,Average,Good,Medium/Medium,CAM,66.83,66.55,71.49,73.66,73.03,67.35,67.15,73.47,64.77,67.61,67.08,75.12,56.3,17,15,15,11,14
118,118,P. Hurtado,28,175.8,72.2,Peru,Caucasian,73,Right,Excellent,Excellent,,CAM,69.89,69.29,70.53,74.86,68.0,71.93,69.74,75.69,78.11,83.18,74.67,67.15,72.85,13,12,14,13,14
119,119,G. Kakuta,28,172.9,64.3,DR Congo,Black,73,Left,Good,Excellent,Medium/Medium,CAM,73.4,68.6,69.11,77.47,76.81,74.26,65.96,79.12,80.72,75.18,91.25,65.65,86.26,12,13,14,12,14
120,120,Cesinha,29,177.3,73.6,,,73,Right,Good,Excellent,High/Medium,CAM,70.28,72.67,71.61,72.97,64.7,69.44,66.39,74.57,71.7,72.66,74.71,67.77,70.53,13,12,14,13,13
121,121,B. Mensah,24,180.4,64.6,Ghana,Black,73,Right,Good,Excellent,High/Medium,CAM,63.74,74.09,74.17,76.19,64.7,69.87,68.61,74.22,81.81,76.05,79.02,67.06,66.44,11,13,13,11,14
122,122,Rogerinho,32,176.4,70.0,Brazil,Caucasian,73,Right,Excellent,Good,High/Medium,CAM,64.08,69.0,67.13,77.88,63.51,68.08,60.4,74.68,82.92,82.2,83.52,68.38,77.53,14,11,14,13,13
123,123,P. Kasami,27,188.4,87.3,Switzerland,Caucasian,73,Left,Excellent,Good,Medium/Medium,CAM,65.87,74.09,72.71,72.91,73.03,62.1,70.75,75.98,63.52,70.37,57.73,73.63,53.37,16,15,15,12,13
124,124,A. Bakasetas,26,180.7,78.0,Greece,Middle-eastern,73,Left,Excellent,Good,High/Medium,CAM,70.05,69.73,76.16,68.48,70.39,73.76,72.36,71.58,64.77,71.82,68.29,64.75,65.33,14,14,15,12,13
125,125,K. Schindler,25,180.5,76.6,Ghana,Black,73,Right,Excellent,Good,Medium/Low,RAM,71.92,74.95,66.49,72.36,56.3,41.1,57.88,68.3,84.23,80.53,74.35,69.84,73.91,14,14,13,13,11
126,126,B. Celina,22,181.2,66.1,Kosovo,Black,73,Right,Good,Good,Medium/Medium,CAM,66.27,69.63,70.43,76.18,69.27,74.26,63.79,73.78,77.66,73.67,77.57,67.05,80.9,12,12,15,13,13
127,127,Diego Lopes,25,170.6,64.0,Brazil,Caucasian,73,Right,Excellent,Good,Medium/Low,CAM,63.79,64.76,72.44,76.18,67.86,60.77,67.73,75.44,71.16,71.43,80.34,73.35,83.77,13,7,14,13,13
128,128,M. Pisano,27,166.0,61.0,Argentina,Caucasian,73,Left,Good,Excellent,Medium/Low,CAM,70.12,69.1,70.72,79.6,71.65,66.04,67.67,71.9,71.16,74.18,85.59,69.28,89.95,13,6,14,9,14
129,129,C. Paterson,24,187.0,76.4,Scotland,Caucasian,73,Right,Good,Good,High/High,CAM,69.57,68.93,66.94,67.06,48.05,31.88,57.88,68.84,71.85,76.32,65.72,76.74,59.23,17,17,14,9,11
130,130,T. Dingomé,28,173.6,70.7,France,Black,73,Left,Good,Good,Medium/Medium,CAM,71.73,61.32,73.91,76.18,59.02,56.83,71.93,74.73,69.16,68.1,77.65,70.17,79.26,16,13,15,11,13
131,131,S. Cárdenas,29,168.1,65.4,,,73,Left,Average,Excellent,High/Medium,CAM,70.61,66.05,71.94,72.7,74.35,74.31,63.6,70.79,77.64,78.8,82.88,66.89,90.22,15,8,14,15,13
132,132,N. De la Cruz,22,166.6,65.1,Uruguay,Caucasian,73,Right,Good,Good,Medium/Low,LAM,62.11,58.54,73.46,75.12,68.25,71.78,70.3,71.63,77.64,76.75,85.86,65.83,84.19,14,6,14,13,13
133,133,R. Morioka,28,180.1,79.2,Japan,Asian,73,,Good,Good,Medium/Medium,CAM,69.86,70.22,78.33,69.94,65.09,69.56,72.73,75.98,62.84,53.13,72.4,62.11,70.54,12,13,15,14,15
134,134,T. Ho?ava,31,181.4,68.3,Czech Republic,Caucasian,73,Right,Excellent,Good,High/High,CAM,63.52,62.57,73.33,72.18,68.47,58.68,72.1,73.6,66.75,62.57,89.68,73.38,69.47,15,11,15,13,15
135,135,J. Mikel,32,187.8,85.8,Nigeria,Black,73,Right,Good,Good,Medium/High,CAM,65.28,49.79,78.63,68.69,66.55,59.3,71.49,71.93,52.83,54.16,52.21,78.19,46.65,15,16,12,9,15
136,136,D. Kadah,33,188.2,80.1,Turkey,Middle-eastern,72,Right,Excellent,Good,High/Medium,CAM,66.45,70.69,72.71,70.39,69.36,59.88,64.05,74.15,60.78,65.98,66.19,75.2,63.88,13,15,15,14,14
137,137,A. Rosina,35,170.2,69.2,Italy,Caucasian,72,Left,Good,Excellent,Medium/Medium,CAM,68.55,68.1,73.67,73.72,80.4,78.01,73.74,76.74,70.08,67.55,79.62,71.91,88.88,14,6,14,13,14
138,138,J. Pitroipa,33,175.7,59.9,Burkina Faso,Black,72,Right,Excellent,Excellent,High/High,CAM,60.93,66.85,72.75,76.07,75.31,56.94,55.64,75.09,78.87,76.18,78.45,66.31,78.64,11,9,14,14,13
139,139,Clayton Fildeiras,35,171.7,69.1,Brazil,Caucasian,72,Right,Excellent,Good,High/Medium,RAM,56.17,65.59,67.0,71.5,71.4,73.93,64.75,75.26,66.48,76.06,72.82,74.86,75.22,16,13,14,15,14
140,140,J. Nieto,26,177.6,74.5,Colombia,Black,72,Right,Excellent,Good,Medium/Medium,CAM,69.37,64.83,80.41,69.01,70.05,62.43,77.22,73.77,72.35,69.83,89.68,65.21,71.4,15,15,15,13,16
141,141,T. Ince,27,177.6,66.2,England,Black,72,Left,Good,Excellent,Medium/Medium,CAM,70.01,67.38,67.0,74.94,75.31,73.2,59.3,75.32,78.46,77.46,85.64,67.76,81.49,14,10,13,13,13
142,142,A. Schenetti,28,175.5,71.9,Italy,Caucasian,72,Right,Excellent,Excellent,Medium/Medium,CAM,64.33,63.53,71.71,68.95,65.97,64.46,70.3,72.14,82.13,81.6,80.05,67.26,88.06,14,12,13,11,13
143,143,M. Diemers,25,174.8,69.5,Netherlands,Caucasian,72,Right,Good,Good,High/High,CAM,78.98,59.75,72.12,77.97,76.07,69.24,73.03,72.76,72.69,59.82,76.03,67.4,76.07,14,11,15,14,14
144,144,Aketxe,25,174.0,68.8,,,72,Left,Good,Good,Medium/Medium,CAM,77.47,65.56,76.17,71.65,84.44,85.08,78.07,71.34,66.8,59.7,83.58,63.08,83.12,12,12,14,13,13
145,145,V. Hernández,30,159.8,61.3,Colombia,Black,72,,Good,Excellent,High/Medium,LAM,64.2,66.76,68.41,72.24,48.85,44.63,63.12,70.9,89.36,85.12,91.16,63.98,85.94,15,5,13,14,14
146,146,K. Nakamura,38,175.4,66.2,Japan,Asian,72,,Good,Good,Medium/Medium,CAM,75.99,68.49,77.25,71.46,84.7,87.29,77.06,71.93,39.08,38.68,70.3,73.87,72.35,12,12,15,16,16
147,147,J. Swift,24,182.5,73.4,,,72,Right,Good,Excellent,Medium/Low,CAM,67.08,64.52,73.04,71.81,71.86,70.7,72.86,73.92,65.71,59.82,81.3,65.41,70.54,12,10,14,12,13
148,148,S. Hernández,32,176.6,74.0,Colombia,Black,72,Right,Excellent,Good,Medium/Medium,CAM,59.42,62.4,74.23,69.08,65.55,64.64,69.57,74.85,51.27,70.08,66.61,64.65,66.03,13,14,15,11,13
149,149,K. Laribi,28,174.8,66.8,Tunisia,Black,71,Right,Excellent,Excellent,High/Medium,CAM,68.06,66.85,74.31,73.28,65.97,70.57,69.41,73.58,82.75,79.86,84.67,72.48,86.75,16,11,14,14,15
150,150,N. De Pauw,29,181.4,80.1,Belgium,Black,71,Right,Excellent,Good,High/High,CAM,72.44,66.24,69.73,71.32,56.86,62.64,67.43,71.33,71.75,75.85,68.59,69.09,71.47,14,13,13,10,14
151,151,M. Vrousai,20,183.0,78.1,Greece,Middle-eastern,71,Right,Average,Excellent,High/High,CAM,64.29,68.81,66.92,69.62,64.18,62.74,63.56,72.6,79.94,83.14,76.67,66.97,67.44,14,13,14,13,12
152,152,Jesús Imaz,28,178.8,69.6,Spain,Caucasian,71,Right,Excellent,Good,High/Medium,CAM,60.97,71.59,67.79,69.42,48.53,55.42,59.86,70.89,75.05,70.7,80.62,72.67,79.7,17,14,13,14,12
153,153,Luisinho,28,176.1,66.7,Brazil,Caucasian,71,Right,Average,Excellent,High/Medium,CAM,61.58,70.81,66.92,75.89,67.47,64.59,63.24,74.29,78.34,74.42,88.48,65.44,67.81,12,12,12,11,10
154,154,A. Jansen,30,186.2,76.9,Netherlands,Black,71,Right,Average,Good,High/Medium,LAM,75.94,71.59,71.75,72.33,56.86,72.16,68.44,70.67,62.5,68.52,64.26,66.75,66.12,13,16,14,14,13
155,155,Y. Toyokawa,24,171.0,64.4,Japan,Asian,71,Right,Good,Good,Medium/Low,LAM,44.51,73.0,66.5,65.73,68.77,71.78,62.54,66.58,84.6,75.92,89.15,72.0,84.35,14,8,11,11,14
156,156,J. Hochscheidt,31,179.6,81.8,Germany,Caucasian,71,Right,Excellent,Good,High/High,CAM,69.65,68.3,69.73,69.83,70.99,68.37,71.1,67.75,68.74,72.0,75.15,71.13,77.67,15,15,13,12,13
157,157,O. Kiteishvili,23,173.1,65.2,Georgia,Black,71,Right,Excellent,Good,High/Medium,CAM,62.21,65.98,69.23,74.06,54.83,44.33,67.64,72.08,75.89,70.7,68.9,69.01,83.01,15,9,13,9,14
158,158,N. Ninkovi?,24,182.7,77.6,Serbia,Caucasian,71,Left,Excellent,Good,High/Low,CAM,60.63,64.44,69.79,71.58,68.07,70.96,62.64,74.08,71.87,73.32,72.04,58.66,72.78,11,11,14,13,12
159,159,S. Amallah,22,185.2,74.9,Belgium,Caucasian,71,Right,Good,Good,Medium/Medium,CAM,66.29,67.22,69.98,74.3,62.43,65.73,66.97,72.16,65.46,73.32,70.76,65.19,69.43,12,12,14,13,13
160,160,M. Mancosu,30,180.3,76.5,Italy,Caucasian,71,Right,Excellent,Good,Medium/Medium,CAM,59.27,63.37,70.77,70.4,72.65,67.78,63.38,73.19,67.67,67.04,64.17,71.69,66.63,15,12,14,12,10
161,161,C. Pinares,28,176.4,73.1,Chile,Caucasian,71,Left,Good,Good,High/Low,CAM,60.43,61.24,67.1,72.52,73.67,73.08,65.73,72.39,80.41,83.51,80.49,62.14,72.21,14,14,13,12,13
162,162,Fredy,29,169.7,68.0,Angola,Black,71,Right,Good,Excellent,High/Medium,CAM,64.93,61.12,68.49,72.02,65.96,60.78,65.68,69.14,89.08,90.09,89.48,71.27,85.94,13,10,13,14,15
163,163,Cristian Herrera,28,186.1,79.4,Spain,Caucasian,71,Left,Average,Good,High/Medium,CAM,58.02,66.85,66.52,70.02,72.65,65.9,60.65,72.44,66.09,69.95,62.36,61.71,38.98,14,16,12,14,12
164,164,Jon Bautista,23,180.4,72.3,Spain,Caucasian,71,Right,Good,Good,Medium/Medium,CAM,46.8,75.89,68.64,70.37,60.41,57.29,57.57,67.57,58.43,62.08,65.21,69.28,70.04,13,13,10,14,14
165,165,N. ?ur?i?,33,184.1,76.7,Serbia,Caucasian,71,,Excellent,Good,Medium/High,CAM,58.02,68.65,61.97,65.95,64.8,53.01,60.38,72.44,69.24,69.7,73.11,76.56,79.97,15,14,13,13,13
166,166,A. Costa,34,176.2,75.0,Argentina,Caucasian,71,Left,Good,Good,Medium/Medium,CAM,68.21,63.13,74.38,68.82,73.8,77.88,73.51,74.98,59.58,54.91,74.26,65.54,72.35,10,13,14,15,15
167,167,S. Kljestan,33,169.8,77.0,United States,Caucasian,71,Right,Excellent,Good,Medium/High,CAM,75.5,61.94,75.68,68.95,69.79,73.0,71.49,70.36,51.9,54.92,60.98,69.78,62.05,14,13,16,13,14
168,168,M. Liendl,33,175.8,73.9,Austria,Caucasian,71,Left,Good,Good,Medium/Medium,CAM,67.71,65.63,75.44,67.25,80.57,70.66,69.15,73.39,57.85,47.78,69.65,65.54,72.57,13,12,15,16,15
169,169,Evander,21,178.8,71.8,Brazil,Caucasian,71,Right,Excellent,Excellent,Medium/Medium,CAM,66.57,65.06,70.59,77.16,64.74,53.24,65.17,72.44,74.18,66.65,79.73,65.58,79.97,14,10,13,13,12
170,170,Paulolettinho,35,181.1,80.4,Brazil,Caucasian,71,Right,Good,Good,High/Medium,RAM,73.8,60.9,71.8,74.56,63.14,73.8,65.56,71.46,81.94,81.44,71.06,65.75,72.3,12,14,14,9,14
171,171,O. Kökçü,18,175.2,70.2,Turkey,Middle-eastern,71,Right,Good,Good,Medium/Medium,CAM,63.85,64.35,72.4,70.47,74.81,70.43,72.27,73.66,75.49,70.79,75.34,64.23,70.2,14,11,14,10,13
172,172,,31,172.6,65.1,Brazil,Caucasian,71,Left,Good,Good,Medium/Medium,RAM,61.63,60.93,70.0,73.51,73.49,70.65,62.54,69.98,79.87,76.5,81.74,68.87,84.19,12,10,14,13,12
173,173,Heltinho Melo,35,174.1,67.9,Brazil,Caucasian,71,Right,Good,Good,,CAM,75.71,58.1,67.78,75.24,72.93,73.8,63.52,71.09,82.51,79.85,78.24,64.68,81.04,13,10,15,14,14
174,174,Nascimentardo,31,169.7,65.9,Brazil,Caucasian,71,Right,Average,Good,Medium/Low,LAM,75.51,63.91,71.6,72.66,73.9,73.8,61.98,74.91,86.33,81.14,73.84,64.54,88.19,11,6,14,14,13
175,175,G. Bouzoukis,21,172.0,66.6,Greece,Middle-eastern,71,Left,Good,Good,High/Medium,CAM,70.32,58.11,74.8,69.25,70.49,69.98,70.41,72.72,67.89,65.62,73.07,66.91,78.39,12,11,14,8,12
176,176,F. Mussis,27,173.7,74.5,Argentina,Caucasian,71,Right,Good,Average,Medium/High,CAM,61.5,51.06,71.1,69.25,62.71,65.49,68.67,66.55,70.71,69.88,71.69,68.63,75.46,14,15,13,10,14
177,177,J. Irvine,26,188.4,70.1,Australia,Caucasian,70,,Good,Good,High/High,CAM,62.06,71.89,65.89,68.08,59.58,58.06,63.12,72.44,71.59,62.47,62.2,71.82,79.97,16,15,14,11,13
178,178,Yeom Ki Hun,36,182.3,79.9,Korea Republic,Asian,70,Left,Good,Good,High/Medium,CAM,75.38,66.85,72.4,70.1,73.8,77.56,71.47,69.74,67.08,58.87,68.72,70.59,73.29,13,15,15,14,14
179,179,Jhon Cley,25,183.1,77.3,Brazil,Caucasian,70,Right,Good,Good,Medium/Medium,CAM,65.37,67.47,69.41,73.0,66.46,72.01,61.93,73.61,67.4,68.14,75.05,67.14,67.34,13,14,12,13,14
180,180,,25,175.1,68.1,England,Caucasian,70,Right,Good,Good,High/Medium,CAM,63.47,65.73,65.28,66.87,69.18,63.44,60.75,69.82,85.78,84.26,80.09,68.39,79.27,13,13,13,12,13
181,181,C. Jorquera,30,174.2,68.8,Chile,Caucasian,70,Right,Masterful,Good,Medium/Medium,CAM,67.82,59.76,73.36,76.25,74.16,69.93,70.41,74.34,68.52,68.46,75.05,64.63,75.15,13,11,14,13,14
182,182,R. Fernández,34,171.6,70.9,Argentina,Caucasian,70,Right,Good,Good,Medium/Medium,CAM,59.38,64.53,70.67,76.25,72.95,74.85,68.53,72.24,65.56,69.03,72.3,63.65,74.43,13,12,13,13,13
183,183,N. Špalek,22,169.6,63.3,Slovakia,Caucasian,70,Right,Excellent,Good,High/Low,CAM,64.57,65.14,66.93,71.76,67.76,69.24,61.16,71.53,80.95,75.77,80.7,69.71,78.18,13,10,12,11,11
184,184,A. Aseri,25,166.8,63.9,,,70,Left,Excellent,Excellent,High/Medium,CAM,63.9,65.95,66.45,74.14,68.12,52.91,62.06,70.5,89.14,88.0,87.77,59.62,92.18,14,10,12,10,11
185,185,D. Fettouhi,29,184.8,73.6,Morocco,Black,70,Left,Poor,Masterful,Medium/Low,CAM,69.58,57.11,67.51,78.4,75.64,78.11,71.26,73.82,67.67,68.45,76.85,65.42,74.79,14,12,13,13,16
186,186,K. Dowell,21,185.3,80.2,England,Middle-eastern,70,Left,Good,Good,Medium/Low,CAM,64.45,68.32,71.47,74.34,59.73,69.45,66.76,71.34,62.43,63.66,69.24,60.19,70.18,10,11,14,12,14
187,187,K. Palmer,22,175.0,68.5,England,Caucasian,70,Right,Excellent,Good,High/Low,CAM,63.18,63.05,64.72,76.88,64.6,66.08,62.72,73.13,76.16,71.55,78.41,63.96,74.66,13,12,14,11,14
188,188,A. Ramírez,38,175.4,75.8,Colombia,Black,70,,Good,Good,Medium/Low,CAM,42.88,66.21,71.89,67.51,67.85,70.15,73.31,72.44,62.09,64.04,73.73,70.29,74.43,11,15,14,13,15
189,189,J. Berthomier,29,176.7,73.7,France,Caucasian,70,Left,Excellent,Good,High/Low,CAM,75.13,66.12,73.08,78.4,69.32,77.82,69.76,66.93,70.97,70.24,76.04,64.78,74.74,14,13,14,14,14
190,190,A. Baumjohann,32,178.4,75.1,Germany,Caucasian,70,Right,Excellent,Good,High/Low,RAM,66.47,62.76,68.67,73.32,69.44,66.08,66.22,72.19,70.31,68.36,74.04,63.1,78.07,10,12,14,11,13
191,191,F. Schnellhardt,25,180.0,72.9,Germany,Caucasian,70,Left,Good,Good,Medium/Medium,CAM,52.91,62.97,69.7,71.53,65.07,64.3,67.54,71.45,79.85,76.05,81.08,70.52,73.55,16,14,14,11,14
192,192,,27,178.7,76.0,Scotland,Caucasian,70,Right,Good,Excellent,Medium/Low,CAM,62.5,60.67,70.62,70.44,63.16,67.06,66.76,71.63,68.68,62.85,76.92,64.4,75.98,11,11,14,11,14
193,193,Allan Ardaújo,31,177.6,74.6,Brazil,Caucasian,70,Right,Excellent,Good,Medium/Medium,LAM,64.38,56.35,73.32,66.1,69.57,63.48,68.17,74.6,62.47,64.93,76.92,70.34,66.89,13,12,14,14,12
194,194,A. Zapata,24,178.0,74.1,Colombia,Black,70,Left,Good,Good,Medium/Medium,LAM,64.38,66.76,67.29,69.75,63.66,60.81,61.54,70.62,81.4,84.0,77.86,65.93,70.71,15,12,13,11,12
195,195,,27,167.8,68.8,Morocco,Black,70,Right,Excellent,Good,High/Medium,CAM,63.62,59.5,68.29,73.04,67.26,67.6,64.57,71.8,80.71,84.0,81.08,63.74,71.32,14,12,13,10,12
196,196,M. Solomon,19,169.6,62.1,Israel,Middle-eastern,70,Right,Average,Good,,CAM,53.24,66.85,72.38,77.69,45.44,42.43,55.85,69.57,79.91,78.19,75.54,63.65,81.81,11,8,14,10,13
197,197,Lee Chang Min,25,178.8,76.8,Korea Republic,Asian,70,Right,Excellent,Good,High/Medium,CAM,51.73,55.56,72.6,60.76,39.44,48.08,69.61,64.99,79.91,65.69,66.81,67.85,74.5,16,12,14,9,13
198,198,W. Hoolahan,37,167.6,70.7,Republic of Ireland,Caucasian,70,Left,Average,Good,Medium/Medium,CAM,71.95,63.29,74.25,69.53,72.68,67.46,71.06,76.04,54.33,49.55,76.92,63.91,87.63,8,10,15,15,14
199,199,F. Starzy?ski,28,183.6,70.0,Poland,Caucasian,70,Right,Good,Good,,CAM,75.99,58.19,74.41,72.96,75.07,76.98,70.89,72.46,43.44,34.56,70.97,66.73,63.07,15,12,14,14,14
200,200,B. Parker,33,170.0,65.4,South Africa,Black,69,Left,Excellent,Good,Medium/Medium,CAM,67.0,69.52,69.57,74.92,70.63,65.51,61.29,71.18,74.06,71.89,76.64,61.78,81.9,14,7,12,14,13
201,201,Sandeiro Leal,31,186.9,76.3,Brazil,Middle-eastern,69,Right,Good,Good,Medium/Medium,LAM,55.11,66.76,68.66,67.77,69.14,71.63,71.07,70.06,66.01,70.27,66.63,64.33,60.23,13,12,13,13,13
202,202,T. Mauricio,25,168.7,67.0,France,Black,69,Left,Good,Good,High/Medium,CAM,64.55,71.1,62.82,69.58,64.19,62.42,61.14,74.25,79.71,76.61,82.33,60.55,91.4,12,10,13,11,11
203,203,E. López,24,166.8,66.8,Mexico,Caucasian,69,Left,Excellent,Good,Medium/Low,CAM,58.25,64.98,68.85,76.38,65.06,63.65,61.6,74.33,72.62,76.22,85.22,60.55,85.55,12,9,14,12,14
204,204,M. Eriksson,29,180.1,79.2,Sweden,Caucasian,69,Left,Good,Good,Medium/High,CAM,66.87,68.31,71.1,65.26,72.16,68.33,67.8,66.53,49.82,52.37,62.71,73.71,77.29,17,15,14,14,14
205,205,D. Rubio,26,178.9,77.3,Chile,Caucasian,69,Right,Good,Good,Medium/Medium,CAM,51.87,69.64,62.95,67.31,61.39,42.39,48.72,70.5,68.1,64.54,72.77,65.48,76.02,14,12,11,14,12
206,206,M. Mier,28,181.0,75.8,Uruguay,Caucasian,69,Left,Good,Good,High/Medium,CAM,75.5,63.37,74.41,71.91,60.47,75.05,65.21,71.85,56.16,49.88,70.75,63.69,50.72,13,14,13,11,13
207,207,A. O'Brien,25,182.9,71.6,Republic of Ireland,Caucasian,69,Right,Good,Good,High/Medium,CAM,65.1,64.82,66.72,69.23,60.99,40.43,65.4,66.13,75.7,72.22,72.59,63.99,64.88,15,13,13,11,12
208,208,N. Giménez,23,178.5,76.9,Argentina,Caucasian,69,Right,Excellent,Good,,CAM,59.84,59.33,70.41,72.72,79.84,72.46,66.4,70.89,72.87,71.25,66.63,58.21,63.01,14,15,13,14,13
209,209,G. Kharaishvili,22,182.8,72.8,Georgia,Black,69,Right,Good,Good,Medium/Medium,LAM,57.83,66.5,66.5,67.53,60.21,64.89,62.75,69.91,78.36,72.7,72.24,55.13,64.58,14,12,13,12,11
210,210,H. Ongenda,24,170.7,72.4,DR Congo,Black,69,Right,Good,Excellent,Medium/Low,CAM,61.0,59.92,62.09,74.3,79.04,68.06,66.68,74.99,79.37,74.84,86.38,68.5,86.3,13,10,12,10,13
211,211,R. Niyaz,24,165.0,60.4,Turkey,Middle-eastern,69,Left,Excellent,Good,Medium/Low,CAM,68.97,59.32,72.35,70.68,64.02,62.15,68.11,69.83,77.4,73.15,84.93,64.07,78.2,13,9,14,12,13
212,212,D. Hernández,28,175.7,65.0,Colombia,Black,69,Left,Good,Good,High/Low,CAM,68.16,54.1,69.38,69.45,64.32,62.15,64.78,69.65,73.59,73.34,79.57,67.72,73.58,12,12,14,11,13
213,213,S. Berahino,25,180.2,82.1,Burundi,,69,Right,Excellent,Good,Medium/Medium,CAM,47.06,69.78,65.14,67.86,62.48,60.72,54.74,69.75,72.69,70.22,62.74,65.22,71.17,11,13,10,14,13
214,214,P. Förster,24,188.4,82.3,Germany,Caucasian,69,Left,Excellent,Good,High/High,CAM,54.42,55.51,72.53,69.93,57.55,63.19,67.06,69.02,65.85,67.81,65.25,67.95,61.85,17,15,14,10,13
215,215,Sandro Maceira,27,178.1,74.5,Brazil,Black,69,Right,Good,Good,High/Medium,LAM,69.86,62.46,71.53,66.78,65.52,61.67,75.03,68.25,70.1,72.51,75.81,62.47,62.11,13,10,14,14,14
216,216,D. Flores,26,170.8,72.7,Costa Rica,Caucasian,69,,Good,Good,Medium/Medium,CAM,57.55,61.66,75.17,65.46,61.15,61.83,72.38,72.44,72.81,66.68,84.55,63.85,88.02,14,9,13,11,13
217,217,F. Álvarez,26,184.1,70.0,Argentina,Caucasian,69,Right,Good,Good,High/Medium,CAM,59.57,67.21,71.64,76.08,60.39,52.16,67.33,70.9,73.79,72.31,67.65,61.58,59.15,14,13,14,11,11
218,218,P. Pomykal,19,169.8,65.6,United States,Black,69,Left,Good,Average,High/High,CAM,62.33,54.72,71.41,70.68,63.17,64.59,72.16,65.2,76.83,71.89,81.18,65.07,81.59,15,11,14,12,13
219,219,C. Valenzuela,27,163.3,59.8,Chile,Caucasian,69,Right,Excellent,Good,Medium/Medium,CAM,65.55,56.74,75.07,68.6,64.16,65.15,70.5,68.08,75.06,63.53,85.99,58.74,88.02,9,6,14,12,11
220,220,B. Saller,26,177.6,69.8,Germany,Caucasian,69,Right,Good,Good,High/Medium,RAM,71.71,46.97,71.58,69.23,52.13,39.95,66.37,68.81,74.3,70.86,72.62,68.36,73.3,14,12,13,9,12
221,221,J. Scowen,26,178.1,74.0,England,Caucasian,69,Right,Good,Good,Medium/High,CAM,59.05,50.81,67.32,63.89,58.02,65.07,64.57,65.34,60.99,59.6,74.33,68.42,72.72,16,12,12,8,12
222,222,M. Álvarez,27,178.8,77.1,Germany,Caucasian,68,Right,Good,Good,High/Medium,CAM,62.45,65.02,67.1,70.76,75.04,77.66,67.8,73.35,70.88,65.64,70.83,70.25,78.27,13,14,13,14,15
223,223,A. Ajagun,26,168.0,65.4,Nigeria,Black,68,Right,Good,Good,Medium/Medium,CAM,49.67,67.13,63.73,67.65,42.34,42.43,58.09,68.06,79.98,82.14,80.39,65.93,89.52,17,11,12,13,13
224,224,Wanderson,33,180.4,74.8,Brazil,Caucasian,68,Right,Good,Excellent,Medium/Medium,CAM,65.03,66.99,68.33,68.72,71.22,68.45,65.6,70.27,57.62,57.81,71.24,65.97,66.11,12,12,14,13,14
225,225,R. Rep,29,177.1,71.6,Slovenia,Caucasian,68,Left,Excellent,Good,Medium/Medium,CAM,64.6,68.51,65.85,69.17,63.92,55.1,63.79,66.63,71.74,73.81,61.66,61.58,71.21,14,13,13,13,11
226,226,J. Reina,30,173.0,69.6,Colombia,Black,68,Left,Good,Good,Medium/Medium,CAM,65.44,61.96,65.44,67.92,64.64,68.23,63.39,67.1,76.89,76.12,81.43,64.87,77.51,13,11,14,11,13
227,227,M. Stoppelkamp,32,179.6,75.2,Germany,Caucasian,68,Right,Good,Good,High/Low,RAM,66.01,59.2,66.76,69.6,62.72,68.23,56.98,67.19,76.05,76.41,74.39,66.91,72.93,16,13,11,11,13
228,228,Cejudo,35,179.7,78.3,Spain,Caucasian,68,,Masterful,Excellent,High/High,CAM,45.68,61.17,60.61,68.56,69.22,61.14,60.21,72.44,70.85,71.77,74.71,72.64,74.04,14,13,12,10,14
229,229,M. Kobyla?ski,25,178.0,75.2,Poland,Caucasian,68,Right,Good,Good,,CAM,58.37,65.77,65.14,67.92,70.76,72.84,59.76,68.47,71.69,71.91,79.65,66.41,74.04,12,11,13,11,12
230,230,A. Oueslati,27,181.7,74.7,Tunisia,Black,68,Right,Good,Excellent,High/High,CAM,69.05,60.17,71.52,67.88,67.26,61.23,65.28,74.06,65.46,66.94,71.24,67.95,62.59,13,14,12,13,12
231,231,I. Ledezma,23,169.6,68.0,,,68,Right,Average,Good,Medium/Medium,CAM,42.1,72.11,68.35,72.9,49.5,61.43,59.38,69.0,64.61,62.48,77.37,57.77,82.04,12,11,14,8,12
232,232,L. Chiaretti,31,171.4,66.6,Brazil,Black,68,Left,Average,Good,High/Low,CAM,65.94,59.28,69.37,70.51,68.54,67.33,62.51,72.33,79.88,74.96,83.17,64.87,90.54,14,8,11,12,13
233,233,B. Woodburn,19,173.9,72.0,Wales,Caucasian,68,Right,Excellent,Good,High/Medium,CAM,49.96,67.13,67.34,69.85,42.34,44.71,58.94,70.94,78.19,72.92,79.48,62.42,79.84,13,10,12,12,12
234,234,J. Cavalli,37,170.4,65.3,France,Black,68,Left,Excellent,Good,Medium/Medium,CAM,69.88,57.02,70.9,67.51,59.42,64.56,69.22,70.84,58.49,60.34,78.1,62.04,86.58,6,12,14,15,14
235,235,S. Maier,25,179.0,68.4,Germany,Caucasian,68,Right,Excellent,Good,Medium/Medium,CAM,65.76,54.2,67.72,70.57,70.14,69.78,54.54,68.83,76.82,67.98,82.13,63.78,76.13,12,10,12,11,11
236,236,D. Prokop,22,170.7,68.0,,,68,Right,Good,Excellent,Medium/Low,CAM,52.73,58.53,61.58,76.78,68.5,44.93,59.35,72.79,84.46,75.03,85.48,64.14,92.37,14,9,12,8,13
237,237,J. Payne,24,165.4,59.9,England,Caucasian,68,Left,Good,Good,High/Medium,CAM,54.09,67.13,65.22,68.41,68.54,66.08,60.35,68.17,81.4,74.3,86.36,60.12,92.16,11,6,13,11,11
238,238,,33,175.8,73.4,Colombia,Black,68,Right,Good,Good,Medium/High,CAM,57.27,52.91,67.32,62.8,55.92,58.35,64.0,65.01,67.85,68.64,74.85,66.77,70.68,15,15,13,11,13
239,239,D. Irandust,21,184.7,72.6,,,68,Left,Good,Good,Medium/Medium,CAM,53.69,58.64,68.21,67.9,52.82,43.14,67.39,71.79,76.38,71.96,71.23,57.44,68.37,14,13,13,9,12
240,240,A. Marchesano,28,167.7,62.2,Switzerland,Caucasian,68,Right,Good,Good,Medium/Medium,CAM,60.07,54.85,73.77,71.04,68.42,68.55,68.64,73.09,67.36,67.64,88.48,57.32,90.67,13,6,12,13,11
241,241,F. Manríquez,35,168.4,72.4,Chile,Caucasian,68,Right,Excellent,Good,Medium/Medium,CAM,66.97,53.66,74.42,61.57,70.11,77.31,71.31,70.97,47.89,64.1,60.0,62.02,72.69,12,10,13,14,12
242,242,K. Osorio,25,182.2,76.5,,,67,Right,Excellent,Good,Medium/Medium,CAM,63.49,70.37,65.95,65.22,69.6,76.99,59.54,69.41,67.07,74.22,80.14,68.34,74.27,15,15,13,14,13
243,243,R. Söder,28,176.8,71.4,Sweden,Caucasian,67,Right,Good,Good,High/Medium,CAM,48.03,66.25,63.32,63.58,50.04,40.75,53.84,66.94,75.69,70.27,82.6,62.42,81.95,15,12,13,8,12
244,244,M. Rosafio,25,178.0,76.6,Italy,Caucasian,67,Left,Good,Average,High/Medium,CAM,62.06,64.09,64.06,69.29,70.22,57.78,61.08,67.47,81.27,80.56,77.03,62.9,64.0,12,12,12,12,12
245,245,M. Kvesi?,27,175.0,70.2,Bosnia Herzegovina,Caucasian,67,Right,Good,Good,Medium/Medium,CAM,67.03,58.88,66.87,74.45,77.93,76.85,62.48,72.36,89.93,73.69,90.0,57.42,79.6,12,10,11,15,12
246,246,,34,168.4,73.8,Colombia,Black,67,Left,Good,Good,Medium/Medium,CAM,65.52,63.73,67.33,64.49,63.08,64.91,63.83,65.21,71.96,72.75,76.11,65.17,85.52,12,12,12,13,13
247,247,P. McEleney,26,179.5,84.1,Republic of Ireland,Caucasian,67,Right,Excellent,Good,,CAM,58.4,56.83,64.71,66.22,66.46,61.2,59.84,66.54,72.67,81.76,84.45,64.56,66.89,14,13,13,12,14
248,248,S. Wüthrich,29,180.5,70.0,Switzerland,Caucasian,67,Left,Good,Good,High/Medium,CAM,61.67,64.48,64.69,70.7,64.91,68.16,64.19,70.4,68.81,65.22,72.25,61.06,69.32,14,12,13,12,11
249,249,F. Berenguer,30,181.9,70.3,France,Caucasian,67,Right,Good,Good,Medium/Medium,CAM,63.49,63.35,64.06,65.91,64.2,57.02,62.19,66.36,78.17,80.89,71.17,62.72,72.71,14,12,13,11,12
250,250,J. Coppinger,38,169.9,64.8,England,Caucasian,67,Right,Good,Good,Medium/Medium,CAM,70.61,63.2,66.67,64.61,65.28,63.2,66.41,70.94,50.54,47.58,67.37,69.72,85.12,13,11,14,12,12
251,251,D. Vergara,22,172.0,71.6,Colombia,Black,67,Right,Good,Good,High/Medium,LAM,53.16,67.5,55.79,71.09,40.84,26.53,49.22,63.72,74.63,81.68,78.76,64.72,66.05,18,13,13,12,12
252,252,C. Grindheim,35,179.0,73.6,Norway,Caucasian,67,Right,Excellent,Good,Medium/High,CAM,65.24,53.87,72.36,63.92,69.49,67.82,66.41,68.86,39.73,36.62,60.08,77.71,72.61,12,15,13,11,15
253,253,V. Gvilia,25,182.4,78.7,,,67,Right,Excellent,Good,Medium/Medium,CAM,70.34,62.05,68.08,66.52,67.79,67.55,70.31,68.55,62.55,63.92,68.53,64.52,63.25,14,12,13,11,13
254,254,A. Rodríguez,26,175.9,74.0,Colombia,Black,67,Right,Good,Good,Medium/Low,RAM,66.58,64.69,65.43,66.66,43.04,33.84,53.6,63.08,80.6,81.68,81.19,56.34,70.27,13,11,11,11,10
255,255,B. Close,22,175.5,74.6,England,Caucasian,67,Right,Excellent,Good,Medium/Medium,CAM,57.48,55.76,72.44,62.6,57.97,53.7,66.9,68.89,76.18,68.59,74.85,62.46,71.25,15,11,12,10,15
256,256,I. Poblete,24,173.2,64.6,Chile,Caucasian,67,Left,Good,Good,Medium/Medium,CAM,58.79,65.12,68.2,70.22,55.55,70.39,62.41,69.4,70.3,67.89,78.98,52.67,78.79,14,13,13,10,13
257,257,Curro Sánchez,23,175.8,68.0,Spain,Caucasian,67,Left,Good,Good,High/Medium,CAM,63.03,59.98,63.78,68.34,73.85,71.37,58.68,69.25,70.17,66.38,74.5,62.01,68.54,12,7,13,11,12
258,258,,31,187.0,75.7,Austria,Caucasian,67,Left,Good,Average,High/Medium,CAM,53.81,63.91,61.86,60.68,62.54,62.05,54.96,64.4,60.3,70.26,70.6,64.1,74.49,14,15,11,12,12
259,259,J. Bruijn,22,171.1,67.1,Netherlands,Middle-eastern,67,Right,Excellent,Good,Medium/Medium,CAM,68.75,59.88,67.6,71.85,70.88,63.49,67.26,70.73,73.6,68.32,72.1,62.59,82.93,14,9,14,9,13
260,260,T. Mohr,23,182.8,77.8,Germany,Caucasian,67,Left,Good,Good,High/Medium,CAM,70.66,64.48,63.77,68.83,56.88,38.06,57.56,65.35,78.12,77.5,81.19,60.17,74.83,14,13,10,7,12
261,261,M. Schulz,24,185.7,79.7,Germany,Caucasian,67,Right,Good,Average,High/High,CAM,51.08,60.57,63.75,64.87,55.19,54.56,66.06,63.63,53.65,66.82,63.98,60.82,64.69,14,14,10,10,11
262,262,B. Pranter,29,181.4,77.4,Austria,Caucasian,66,Right,Excellent,Average,Medium/Medium,CAM,60.69,67.07,67.39,61.37,53.51,73.05,63.2,65.54,74.37,71.08,54.77,63.38,66.5,14,13,13,14,13
263,263,M. de Leeuw,32,178.5,67.3,,,66,Right,Good,Good,Medium/High,CAM,51.83,66.19,66.11,65.06,51.67,57.11,51.23,69.01,54.47,40.69,66.51,68.11,74.34,14,13,12,13,13
264,264,Z. Flemming,20,183.4,83.7,Netherlands,Black,66,Right,Excellent,Good,Medium/Medium,CAM,49.66,45.49,65.52,65.73,67.14,62.44,60.53,70.22,69.48,66.83,65.22,61.77,67.98,15,15,12,12,12
265,265,S. Pittman,26,176.0,72.0,Scotland,Caucasian,66,Right,Good,Good,High/Medium,CAM,51.06,64.6,66.88,67.8,61.33,59.97,63.2,68.4,77.88,75.42,69.84,61.7,72.95,15,11,12,13,12
266,266,E. Lee,24,180.4,72.1,England,Caucasian,66,Right,Good,Good,Medium/Medium,CAM,56.99,66.26,66.14,67.33,60.18,59.97,58.03,65.1,70.78,73.42,68.38,61.14,70.48,13,13,12,11,12
267,267,D. Swanson,32,168.0,59.2,Scotland,Caucasian,66,Right,Good,Good,Medium/Low,CAM,65.38,59.58,64.97,66.01,65.72,70.94,59.17,65.25,73.73,74.62,86.0,56.83,92.89,9,12,14,14,12
268,268,M. Wunderlich,33,183.6,69.8,,,66,Right,Good,Good,High/Medium,CAM,65.44,65.03,63.9,68.81,70.38,71.37,60.66,64.91,67.42,65.15,72.3,64.02,69.56,11,12,12,15,14
269,269,S. Stolze,24,182.4,69.9,Germany,Caucasian,66,Right,Good,Good,Medium/Medium,LAM,55.98,64.85,62.8,66.31,57.04,38.98,46.95,69.77,76.64,78.38,77.89,58.73,72.1,12,10,11,11,10
270,270,L. Guaycochea,27,177.7,70.0,Argentina,Caucasian,66,Right,Good,Good,Medium/Medium,CAM,42.88,56.66,68.98,67.63,67.14,66.2,64.4,64.52,76.33,71.84,79.18,59.98,66.61,14,12,12,12,13
271,271,S. Kaikai,23,182.1,70.3,England,Caucasian,66,Right,Good,Good,Medium/Low,CAM,63.59,61.69,62.31,70.61,63.21,69.61,56.39,70.14,78.9,78.65,80.97,55.52,73.55,10,11,12,13,11
272,272,M. Szwoch,26,173.3,60.4,Poland,Caucasian,66,Right,Good,Good,Medium/Medium,CAM,57.61,52.7,67.74,67.9,60.06,48.82,65.63,68.66,78.4,74.56,75.01,55.48,84.95,13,7,13,12,12
273,273,Ryu Seung Woo,25,172.3,67.6,Korea Republic,Asian,66,Right,Good,Good,High/Medium,CAM,36.89,59.2,66.51,66.4,64.41,45.27,62.43,65.66,82.43,75.1,90.82,60.91,90.22,12,6,11,10,11
274,274,M. Fischer,23,179.2,72.2,Austria,Caucasian,66,Left,Excellent,Average,Medium/Medium,CAM,63.51,45.49,62.22,67.91,67.14,69.76,58.77,65.99,73.52,73.01,69.84,61.54,68.66,14,10,12,13,9
275,275,M. Verreth,21,180.6,73.9,Belgium,Black,66,Right,Excellent,Good,Medium/Medium,CAM,62.43,62.38,62.67,67.33,57.33,52.87,55.37,65.49,77.38,75.15,72.06,58.34,60.86,13,13,12,11,9
276,276,F. Viteritti,26,174.3,71.4,Germany,Caucasian,66,Right,Masterful,Good,Medium/Low,CAM,61.95,62.63,62.24,64.79,66.84,58.2,59.17,67.47,78.01,82.4,88.42,57.13,89.61,15,11,12,14,13
277,277,K. Bru,30,184.0,75.4,Mauritius,,66,Right,Good,Good,Medium/Medium,CAM,66.91,52.24,62.22,66.26,69.45,65.6,65.02,70.24,69.06,70.21,78.03,62.95,71.52,15,13,13,10,13
278,278,H. Mojica,26,168.2,67.4,Colombia,Black,66,Left,Good,Excellent,Medium/Low,CAM,63.0,55.74,69.77,64.79,68.53,64.89,63.36,59.84,90.82,82.87,90.05,53.71,86.88,14,11,12,12,12
279,279,D. De Silva,22,169.9,60.2,Australia,Caucasian,66,Right,Excellent,Good,High/High,CAM,47.36,54.6,64.88,67.8,60.06,44.74,61.67,68.45,76.74,73.62,81.5,56.13,84.85,16,13,12,10,13
280,280,A. Laïdouni,22,183.9,79.7,France,Caucasian,66,Right,Average,Average,High/Medium,CAM,57.49,45.49,66.56,67.32,51.32,44.7,58.73,68.91,66.4,66.96,63.0,62.13,66.68,14,12,12,13,11
281,281,C. Espinosa,36,171.9,69.8,Chile,Caucasian,66,Left,Good,Good,Medium/Low,CAM,46.78,50.95,73.58,66.42,69.05,60.91,73.4,69.54,50.29,66.82,58.65,58.08,73.29,6,9,15,13,12
282,282,M. Aramu,24,180.1,69.0,Italy,Caucasian,65,,Good,Good,Medium/Medium,CAM,45.68,54.84,70.1,72.99,69.66,72.92,60.22,62.35,67.55,77.4,80.17,59.83,66.61,13,11,11,12,12
283,283,K. Anderson,24,177.9,70.6,England,Caucasian,65,Right,Good,Good,High/Medium,CAM,50.73,65.3,63.47,66.31,52.0,52.69,49.98,64.69,80.81,82.37,84.07,65.05,79.92,12,11,11,12,10
284,284,A. Smárason,30,184.2,75.7,Iceland,Caucasian,65,Right,Excellent,Average,Medium/Medium,CAM,61.98,59.7,63.97,62.17,65.45,62.0,61.11,66.33,61.16,68.29,66.53,67.02,71.54,14,15,12,13,12
285,285,B. Kraev,22,185.5,73.8,Bulgaria,Middle-eastern,65,Right,Excellent,Good,High/Medium,CAM,54.55,61.14,66.2,64.74,70.17,60.64,66.89,66.84,70.47,66.38,71.58,60.82,63.89,12,12,11,8,11
286,286,G. Hein,22,164.8,64.9,France,Caucasian,65,Left,Good,Good,High/Medium,CAM,54.85,64.37,63.61,65.54,78.29,68.72,61.89,66.73,79.98,76.7,90.36,60.19,86.55,11,9,11,10,11
287,287,N. Laursen,21,183.4,70.2,Denmark,Caucasian,65,Left,Good,Good,Medium/Medium,RAM,66.14,62.08,62.67,71.11,67.01,66.02,54.53,69.78,79.23,77.54,77.51,59.18,66.52,7,11,12,10,12
288,288,Yazalde,30,180.4,75.5,Guinea Bissau,Black,65,Right,Good,Good,Medium/Medium,CAM,61.23,62.06,61.57,61.26,62.39,53.56,58.79,61.84,65.36,59.39,71.09,65.36,59.19,13,16,13,12,14
289,289,Kaxe,25,182.9,76.2,Spain,Caucasian,65,Right,Good,Average,,CAM,62.38,61.17,66.12,62.05,56.83,54.69,62.26,64.41,66.86,66.35,64.99,65.36,59.63,11,12,13,11,14
290,290,C. Camps,23,180.1,75.3,Northern Ireland,Caucasian,65,Right,Good,Average,Medium/Medium,CAM,57.95,61.19,66.26,62.17,62.59,71.98,63.82,67.08,70.13,71.06,70.45,59.65,74.09,14,13,12,9,12
291,291,J. Sierra,22,170.7,63.0,Ecuador,Black,65,Right,Excellent,Good,Low/Low,CAM,58.77,45.49,68.59,64.62,51.32,47.7,65.77,66.98,71.94,74.41,68.37,59.13,74.27,11,10,12,9,12
292,292,I. Colman,24,173.1,65.9,Argentina,Caucasian,65,Right,Good,Average,Medium/Low,CAM,46.75,49.94,71.63,62.07,53.89,47.7,66.42,64.62,71.18,67.6,83.69,65.25,71.54,14,12,13,10,12
293,293,C. Jennings,28,183.0,71.7,England,Black,65,,Good,Average,Medium/Medium,CAM,45.68,64.44,60.67,62.07,49.52,40.46,58.44,66.56,74.43,80.28,76.3,56.1,82.33,14,13,12,12,12
294,294,M. Nalepa,24,169.9,73.7,Poland,Caucasian,65,Right,Good,Good,High/High,CAM,48.44,45.49,64.95,62.07,73.93,63.85,63.43,64.15,72.33,67.69,70.86,64.56,87.01,16,14,12,10,11
295,295,Marcelo Freitas,25,182.6,76.1,Brazil,Black,65,Right,Excellent,Good,Medium/Medium,CAM,59.8,58.09,66.06,66.41,64.35,62.61,63.45,67.69,47.81,58.87,71.75,59.04,66.35,17,14,12,12,12
296,296,D. Olaru,21,176.5,69.5,Romania,Middle-eastern,65,Left,Average,Good,Medium/Medium,CAM,56.96,48.12,64.38,70.48,44.9,36.29,58.28,64.89,64.26,68.73,73.06,56.68,73.35,11,11,13,12,12
297,297,Y. Kawai,29,165.6,58.8,Japan,Asian,65,Right,Excellent,Good,Medium/Medium,CAM,62.35,57.99,69.47,64.52,52.1,56.41,64.43,66.24,63.48,61.89,79.76,57.9,65.15,12,10,12,10,10
298,298,C. Krempicki,24,177.8,73.6,Germany,Caucasian,65,Right,Excellent,Good,High/High,LAM,41.66,45.49,66.56,62.96,53.89,40.83,60.86,65.96,70.84,65.86,78.15,58.78,77.86,18,14,12,10,12
299,299,Heo Yong Joon,26,178.8,74.8,Korea Republic,Asian,64,Right,Good,Good,Medium/Low,LAM,64.92,59.9,64.62,66.52,51.32,43.57,57.79,66.11,67.04,67.1,67.16,63.31,67.4,13,12,11,11,11
300,300,P. Taylor,31,170.4,71.4,England,Caucasian,64,Left,Good,Good,High/Medium,CAM,53.47,57.67,53.67,70.58,54.7,57.93,43.76,67.93,75.0,79.49,72.08,63.3,86.94,14,11,12,12,12
301,301,T. Lindenhahn,28,176.6,79.0,Germany,Caucasian,64,Right,Good,Good,Medium/Medium,CAM,60.57,55.41,64.33,66.76,58.78,34.96,58.62,65.45,74.25,76.1,83.4,66.38,86.91,18,12,12,8,11
302,302,G. Korte,28,175.4,70.3,Germany,Caucasian,64,Left,Good,Good,Medium/Medium,CAM,59.21,61.82,60.58,64.91,54.7,57.92,53.7,63.47,59.87,68.23,80.68,60.82,81.93,13,9,12,11,12
303,303,M. Litka,23,180.4,67.1,Germany,Caucasian,64,Left,Excellent,Good,Medium/Medium,CAM,61.68,57.11,63.56,66.01,51.81,36.29,34.06,68.03,77.87,71.47,79.22,59.23,73.53,12,8,12,10,9
304,304,V. Arveladze,21,184.1,73.1,Georgia,Black,64,Right,Good,Good,High/Medium,CAM,58.39,61.58,62.57,64.55,56.82,59.24,57.95,65.33,69.83,68.86,67.73,58.96,74.5,13,13,11,12,11
305,305,A. Manneh,21,170.4,67.7,Gambia,Black,64,Left,Good,Average,Medium/High,CAM,54.92,56.57,68.0,60.04,58.96,42.06,66.2,62.27,68.19,69.93,66.75,59.05,80.06,14,13,12,9,10
306,306,J. Brown,24,174.8,65.1,Jamaica,Black,64,Left,Average,Good,High/Medium,CAM,48.58,60.12,64.04,65.07,60.16,57.58,57.95,61.96,74.57,76.98,75.88,53.01,71.69,14,12,13,9,13
307,307,D. Gabriele,24,178.6,75.0,,,64,Right,Excellent,Good,High/Medium,CAM,54.67,54.14,60.12,68.25,64.07,67.69,46.68,70.34,74.72,75.04,77.38,63.3,72.04,13,11,12,13,10
308,308,M. Laurent,27,169.0,61.5,Belgium,Caucasian,64,Right,Good,Good,Medium/Medium,RAM,55.91,57.37,63.06,63.98,73.93,68.14,58.25,62.03,70.64,64.46,76.3,60.04,75.72,11,6,12,11,12
309,309,T. Andreu,31,178.0,72.8,France,Black,64,Right,Excellent,Good,High/Low,CAM,63.39,60.36,66.06,63.75,61.78,63.74,65.1,62.61,49.26,51.07,65.63,49.95,70.49,10,12,13,11,13
310,310,A. Cruz,23,169.6,71.2,Costa Rica,Caucasian,64,Right,Good,Good,Medium/High,CAM,55.14,59.07,63.38,66.13,45.33,36.29,61.27,65.47,73.42,71.61,74.32,59.05,82.33,13,11,10,10,11
311,311,D. Luxbacher,27,174.2,71.3,Austria,Caucasian,64,Right,Good,Good,Medium/Medium,CAM,59.65,54.61,64.38,64.82,66.19,60.1,58.06,64.37,77.62,75.49,82.98,53.01,77.58,12,12,12,10,11
312,312,R. Hedges,23,184.7,65.0,Wales,Caucasian,64,Left,Good,Good,Medium/Medium,CAM,57.09,56.94,62.31,66.97,58.32,40.61,54.15,64.16,72.37,75.08,74.16,55.29,66.66,13,11,11,10,11
313,313,L. Daschner,20,181.7,68.3,Germany,Caucasian,64,Right,Excellent,Good,Medium/Medium,CAM,51.67,54.6,65.6,62.52,43.96,37.68,57.39,64.22,72.75,71.81,74.45,59.36,76.87,13,12,12,7,11
314,314,Chema Nuñez,21,173.5,64.0,Spain,Middle-eastern,64,,Good,Good,Medium/Medium,CAM,42.54,48.5,68.83,68.73,60.53,57.48,64.51,62.35,63.74,67.62,58.85,64.82,72.73,11,10,11,14,13
315,315,F. Barboza,22,170.8,71.8,,,64,Right,Good,Good,Medium/Medium,CAM,61.25,51.43,58.97,68.78,51.01,42.29,57.07,67.61,73.6,80.2,75.9,55.75,74.93,12,12,11,9,12
316,316,M. Hjulmand,20,185.4,77.7,,,64,Right,Good,Average,High/High,CAM,46.04,45.49,68.1,59.51,38.89,45.28,63.65,63.71,63.27,60.28,68.17,61.97,66.39,13,13,13,8,9
317,317,J. O'Shea,30,183.4,70.3,Republic of Ireland,Caucasian,63,Right,Excellent,Good,Medium/Low,CAM,63.34,65.36,62.71,65.73,67.82,68.24,61.34,63.97,59.87,64.69,83.42,55.09,82.4,15,11,14,14,15
318,318,A. Al Suwat,24,168.2,54.0,Saudi Arabia,Middle-eastern,63,Right,Good,Good,Medium/Medium,CAM,50.2,59.91,66.29,67.66,56.75,38.13,61.35,64.66,57.57,65.68,59.58,49.66,73.13,12,12,12,9,10
319,319,L. Alessandra,30,175.0,72.9,England,Caucasian,63,Right,Good,Good,,CAM,53.27,58.51,57.27,61.73,65.37,58.02,47.14,62.79,78.7,72.12,83.39,66.41,78.51,16,12,12,12,11
320,320,S. Abraham,28,178.0,74.0,Sweden,Caucasian,63,Left,Good,Good,Medium/Medium,RAM,59.21,59.08,64.12,69.1,62.49,57.95,54.76,68.21,62.24,61.62,62.02,53.53,64.38,12,12,11,11,11
321,321,,21,190.3,77.8,Sweden,Caucasian,63,Right,Good,Good,Medium/Medium,CAM,50.57,55.99,60.2,68.15,39.56,38.45,44.72,66.56,72.2,73.25,71.96,55.11,51.46,13,14,12,7,13
322,322,R. Finn,31,185.2,71.2,Republic of Ireland,Caucasian,63,Right,Good,Good,High/High,CAM,57.55,54.57,62.54,63.92,52.75,56.84,62.86,62.35,63.69,65.2,67.99,57.31,54.37,14,13,13,11,12
323,323,B. McNamee,27,175.3,78.0,Republic of Ireland,Caucasian,63,Left,Excellent,Good,High/Medium,CAM,55.02,53.36,62.23,61.97,56.87,57.59,55.48,62.71,78.7,72.51,78.31,58.2,77.5,13,9,13,10,12
324,324,E. Le Fée,19,169.9,58.0,France,Black,63,Right,Good,Excellent,Medium/Medium,CAM,56.79,47.72,68.69,67.11,68.16,48.27,62.83,68.79,62.97,64.13,67.08,52.46,87.8,10,6,12,10,13
325,325,G. Buckley,25,185.4,75.5,Republic of Ireland,Caucasian,62,Right,Good,Good,High/High,CAM,53.67,58.21,62.91,60.75,61.08,47.89,61.47,63.43,48.55,51.74,60.07,59.8,55.06,14,15,12,11,12
326,326,M. Yanda?,24,174.9,73.0,Turkey,Middle-eastern,62,Right,Good,Good,Medium/Medium,CAM,53.54,57.81,65.28,65.77,62.32,49.73,62.83,67.95,57.57,62.48,60.07,60.85,72.73,11,12,11,12,12
327,327,B. Barbu,27,177.6,73.6,,,62,Left,Good,Good,Medium/High,CAM,56.07,64.79,63.09,57.49,40.02,52.45,57.11,59.93,63.23,68.43,58.32,54.13,69.34,7,10,12,8,11
328,328,,20,178.0,72.9,Republic of Ireland,Caucasian,62,Right,Good,Average,Medium/Medium,CAM,59.68,56.55,62.29,61.99,62.58,65.32,59.33,59.5,68.24,61.62,68.22,54.21,65.84,14,12,12,12,12
329,329,O. Hor?ia,18,172.4,69.0,Romania,Middle-eastern,62,Left,Good,Good,Medium/Medium,CAM,41.77,58.38,64.89,62.06,46.31,55.82,57.11,64.05,64.44,63.86,80.02,44.62,70.44,13,9,12,8,10
330,330,A. Buziuc,25,174.2,75.0,Romania,Middle-eastern,62,Left,Good,Average,High/Medium,LAM,26.44,64.32,48.08,57.46,38.58,28.82,33.91,62.32,61.56,60.85,59.45,55.06,58.73,11,14,9,13,11
331,331,J. Zirkzee,18,192.8,84.5,Netherlands,Caucasian,62,Right,Good,Good,Medium/Medium,CAM,34.9,58.23,39.39,67.04,64.63,61.21,30.46,62.4,76.38,70.47,63.52,55.55,57.81,13,15,10,8,8
332,332,J. Labadie,28,188.1,88.5,England,Black,62,Right,Good,Average,High/High,CAM,58.45,43.87,63.97,59.96,50.87,54.11,62.86,59.87,65.16,66.98,58.74,57.86,38.62,16,17,11,9,11
333,333,J. Hildebrandt,22,181.7,77.0,Germany,Caucasian,62,Right,Good,Average,Medium/Medium,CAM,33.75,52.0,61.75,60.79,65.18,64.21,58.42,63.37,66.85,71.84,66.87,60.87,68.08,14,13,12,7,10
334,334,R. Charles-Cook,22,174.5,68.8,England,Black,61,Right,Average,Good,High/High,CAM,57.01,47.83,60.58,61.96,50.78,48.05,52.79,59.97,83.74,81.96,82.4,59.66,81.81,18,11,10,12,12
335,335,C. Gallagher,19,182.4,73.5,England,Caucasian,61,Right,Average,Average,Medium/Medium,CAM,42.36,52.38,62.74,62.89,50.19,52.83,58.15,65.36,64.41,62.1,58.57,58.23,67.98,13,12,11,10,8
336,336,G. Weissbeck,22,177.2,70.1,,,61,Right,Average,Good,Medium/Medium,CAM,51.16,50.4,68.64,60.73,51.48,58.24,66.76,65.58,59.46,63.86,64.41,43.13,70.53,9,9,12,9,12
337,337,J. Pritchard,22,174.4,65.7,England,Caucasian,60,Right,Good,Average,Medium/Medium,CAM,49.29,49.54,64.52,61.54,60.25,49.52,60.66,59.78,64.61,64.82,64.83,56.4,69.04,13,11,11,11,10
338,338,E. Embleton,20,173.3,63.9,England,Middle-eastern,60,Right,Masterful,Average,Medium/Medium,CAM,52.21,49.36,62.45,59.56,55.35,59.77,59.17,61.06,64.61,58.47,62.51,58.23,68.06,11,10,12,10,9
339,339,,24,173.1,70.0,Saudi Arabia,Middle-eastern,60,Right,Good,Good,Medium/Medium,CAM,54.82,56.68,60.15,62.56,48.01,53.58,57.05,61.78,68.97,69.46,58.25,55.21,75.8,10,10,11,10,10
340,340,Lee Soo Bin,19,179.9,65.0,Korea Republic,Asian,60,Right,Good,Average,Medium/Medium,CAM,32.65,46.99,65.81,65.84,30.95,37.17,59.68,66.94,61.74,62.1,56.34,59.95,70.77,7,8,12,7,8
341,341,J. Brophy,24,179.7,71.6,England,Middle-eastern,60,Left,Good,Good,High/High,CAM,58.79,47.7,54.1,61.96,51.75,49.21,51.59,57.34,80.41,75.17,79.53,50.82,66.65,14,11,11,8,10
342,342,T. Holland,22,170.7,72.5,Republic of Ireland,Caucasian,59,Right,Good,Good,Medium/Medium,CAM,52.21,51.67,64.26,63.29,53.98,59.77,63.65,63.63,61.16,64.26,59.33,54.93,79.14,8,9,12,11,13
343,343,E. Osadebe,22,187.8,70.6,Republic of Ireland,Caucasian,59,Right,Good,Average,Medium/Medium,CAM,49.11,40.98,60.09,59.54,55.0,37.23,56.06,56.56,84.46,86.48,82.4,50.98,89.58,18,15,11,7,11
344,344,Cao Yongjing,22,180.4,73.2,China PR,Asian,58,Right,Good,Good,Medium/Medium,CAM,45.68,52.25,53.35,59.06,67.66,65.24,50.18,56.21,70.79,77.53,73.46,64.5,62.06,16,13,10,11,10
345,345,M. Warburton,27,176.1,70.9,England,Black,57,Right,Excellent,Good,,CAM,45.99,55.15,55.39,55.3,48.34,56.28,43.73,52.0,72.82,67.58,70.64,57.93,66.48,12,10,10,10,10
346,346,Chen Kerui,23,183.1,73.3,China PR,Asian,56,Right,Good,Average,Medium/Medium,CAM,47.31,52.41,56.5,55.6,43.85,46.54,54.45,58.16,61.78,68.03,58.13,54.17,54.02,12,9,10,8,9
347,347,B. Moreno,19,175.5,64.5,Colombia,Black,56,Right,Good,Good,Medium/Medium,CAM,48.4,47.82,58.82,67.33,38.56,39.48,57.05,55.42,58.8,68.46,57.99,47.74,77.69,8,6,10,9,10
348,348,J. Nieva,20,177.8,70.6,Colombia,Black,56,Right,Good,Average,Medium/Medium,RAM,33.0,27.69,56.46,46.17,39.71,37.27,56.39,58.89,55.63,58.02,59.6,45.75,70.26,12,13,9,7,8
349,349,,18,184.7,78.2,Republic of Ireland,Caucasian,55,Right,Good,Good,High/Medium,CAM,42.54,49.3,56.46,50.76,45.83,36.64,54.45,54.42,67.31,55.92,56.48,48.32,54.04,12,13,10,8,11
350,350,R. Darcy,18,175.3,69.6,England,Caucasian,53,Right,Good,Average,High/High,CAM,34.28,47.19,51.45,51.15,34.07,29.78,41.68,54.77,61.56,61.73,64.72,51.87,56.94,13,9,10,12,9
